acc,acc_std,bal_acc,bal_acc_std,macro_f1,macro_f1_std,weighted_f1,weighted_f1_std,macro_auc,macro_auc_std,Epithelioid_Precision,Epithelioid_Recall,Epithelioid_F1,Biphasic_Precision,Biphasic_Recall,Biphasic_F1,Sarcomatoid_Precision,Sarcomatoid_Recall,Sarcomatoid_F1,Encoder,MIL,Loss,Experiment
0.7196,0.0156,0.3333,0.0000,0.2789,0.0035,0.6023,0.0207,0.7450,0.0717,0.7195,1.0000,0.8369,0.0000,0.0000,0.0000,0.0000,0.0000,0.0000,UNI,ABMIL,Cross-Entropy,UNI+ABMIL+CE
0.7072,0.0306,0.3275,0.0083,0.2760,0.0071,0.5962,0.0275,0.7566,0.0314,0.7160,0.9831,0.8286,0.0000,0.0000,0.0000,0.0000,0.0000,0.0000,UNI,ABMIL,Focal Loss,UNI+ABMIL+Focal
0.6812,0.1247,0.5672,0.0957,0.5181,0.0629,0.6696,0.1029,0.7861,0.0190,0.8113,0.7288,0.7679,0.4231,0.6471,0.5116,0.6667,0.3333,0.4444,UNI,ABMIL,Class-Balanced CE,UNI+ABMIL+CB_CE
0.6459,0.0380,0.4548,0.0703,0.3948,0.0344,0.6358,0.0255,0.7452,0.0089,0.8400,0.7119,0.7706,0.3667,0.6471,0.4681,0.0000,0.0000,0.0000,UNI,ABMIL,Inv-Freq Weighted CE,UNI+ABMIL+Weighted_CE
0.6702,0.0347,0.3362,0.0443,0.3077,0.0573,0.6038,0.0298,0.7111,0.0461,0.7260,0.8983,0.8030,0.2500,0.1176,0.1600,0.0000,0.0000,0.0000,UNI,TransMIL,Cross-Entropy,UNI+TransMIL+CE
0.7196,0.0455,0.4547,0.1031,0.4715,0.1307,0.6872,0.0562,0.7427,0.0688,0.7681,0.8983,0.8281,0.5000,0.2941,0.3704,0.3333,0.1667,0.2222,UNI,TransMIL,Focal Loss,UNI+TransMIL+Focal
0.7063,0.0637,0.5245,0.1365,0.5023,0.1077,0.6869,0.0471,0.7372,0.0935,0.7778,0.8305,0.8033,0.4667,0.4118,0.4375,0.5000,0.3333,0.4000,UNI,TransMIL,Class-Balanced CE,UNI+TransMIL+CB_CE
0.7063,0.0637,0.4985,0.0968,0.4647,0.0539,0.6714,0.0473,0.6961,0.0701,0.7612,0.8644,0.8095,0.4545,0.2941,0.3571,0.5000,0.3333,0.4000,UNI,TransMIL,Inv-Freq Weighted CE,UNI+TransMIL+Weighted_CE
0.7196,0.0156,0.3333,0.0000,0.2789,0.0035,0.6023,0.0207,0.6391,0.0370,0.7195,1.0000,0.8369,0.0000,0.0000,0.0000,0.0000,0.0000,0.0000,CONCH,ABMIL,Cross-Entropy,CONCH+ABMIL+CE
0.7196,0.0156,0.3333,0.0000,0.2789,0.0035,0.6023,0.0207,0.6729,0.0471,0.7195,1.0000,0.8369,0.0000,0.0000,0.0000,0.0000,0.0000,0.0000,CONCH,ABMIL,Focal Loss,CONCH+ABMIL+Focal
0.6239,0.1168,0.3862,0.0410,0.3860,0.0664,0.6159,0.0962,0.6433,0.0390,0.7458,0.7458,0.7458,0.3684,0.4118,0.3889,0.0000,0.0000,0.0000,CONCH,ABMIL,Class-Balanced CE,CONCH+ABMIL+CB_CE
0.7196,0.0156,0.4926,0.0755,0.4779,0.0808,0.6824,0.0166,0.7205,0.0201,0.7794,0.8983,0.8346,0.4444,0.2353,0.3077,0.4000,0.3333,0.3636,CONCH,ABMIL,Inv-Freq Weighted CE,CONCH+ABMIL+Weighted_CE
0.7438,0.0306,0.3907,0.0476,0.3717,0.0708,0.6652,0.0564,0.6023,0.0944,0.7532,0.9831,0.8529,0.6000,0.1765,0.2727,0.0000,0.0000,0.0000,CONCH,TransMIL,Cross-Entropy,CONCH+TransMIL+CE
0.6587,0.0323,0.3933,0.0539,0.3696,0.0410,0.6333,0.0495,0.6316,0.0862,0.7619,0.8136,0.7869,0.3158,0.3529,0.3333,0.0000,0.0000,0.0000,CONCH,TransMIL,Focal Loss,CONCH+TransMIL+Focal
0.6706,0.0607,0.4195,0.1081,0.4229,0.1411,0.6342,0.0789,0.5778,0.0535,0.7353,0.8475,0.7874,0.3077,0.2353,0.2667,1.0000,0.1667,0.2857,CONCH,TransMIL,Class-Balanced CE,CONCH+TransMIL+CB_CE
0.7072,0.0607,0.5053,0.0699,0.4685,0.0951,0.6805,0.0678,0.6117,0.1063,0.7812,0.8475,0.8130,0.6000,0.3529,0.4444,0.2500,0.3333,0.2857,CONCH,TransMIL,Inv-Freq Weighted CE,CONCH+TransMIL+Weighted_CE
0.7196,0.0156,0.3333,0.0000,0.2789,0.0035,0.6023,0.0207,0.6557,0.1354,0.7195,1.0000,0.8369,0.0000,0.0000,0.0000,0.0000,0.0000,0.0000,Virchow2,ABMIL,Cross-Entropy,Virchow2+ABMIL+CE
0.7196,0.0156,0.3333,0.0000,0.2789,0.0035,0.6023,0.0207,0.6465,0.0457,0.7195,1.0000,0.8369,0.0000,0.0000,0.0000,0.0000,0.0000,0.0000,Virchow2,ABMIL,Focal Loss,Virchow2+ABMIL+Focal
0.5961,0.0951,0.3643,0.0463,0.3398,0.0371,0.5860,0.0653,0.5610,0.0789,0.7544,0.7288,0.7414,0.2500,0.3529,0.2927,0.0000,0.0000,0.0000,Virchow2,ABMIL,Class-Balanced CE,Virchow2+ABMIL+CB_CE
0.5974,0.0310,0.4282,0.0692,0.4204,0.1056,0.6052,0.0300,0.5864,0.0260,0.7736,0.6949,0.7321,0.2500,0.4118,0.3111,1.0000,0.1667,0.2857,Virchow2,ABMIL,Inv-Freq Weighted CE,Virchow2+ABMIL+Weighted_CE
0.7063,0.0561,0.3904,0.1169,0.3822,0.1592,0.6328,0.0691,0.6848,0.0557,0.7368,0.9492,0.8296,0.2000,0.0588,0.0909,1.0000,0.1667,0.2857,Virchow2,TransMIL,Cross-Entropy,Virchow2+TransMIL+CE
0.6953,0.0325,0.3516,0.0277,0.3262,0.0439,0.6227,0.0503,0.6824,0.0326,0.7333,0.9322,0.8209,0.2857,0.1176,0.1667,0.0000,0.0000,0.0000,Virchow2,TransMIL,Focal Loss,Virchow2+TransMIL+Focal
0.6689,0.1079,0.4205,0.0574,0.4202,0.0721,0.6673,0.0781,0.5609,0.1745,0.7966,0.7966,0.7966,0.4211,0.4706,0.4444,0.0000,0.0000,0.0000,Virchow2,TransMIL,Class-Balanced CE,Virchow2+TransMIL+CB_CE
0.6583,0.0208,0.3639,0.0267,0.3552,0.0196,0.6230,0.0192,0.6128,0.1050,0.7353,0.8475,0.7874,0.3636,0.2353,0.2857,0.0000,0.0000,0.0000,Virchow2,TransMIL,Inv-Freq Weighted CE,Virchow2+TransMIL+Weighted_CE
0.7196,0.0156,0.3333,0.0000,0.2789,0.0035,0.6023,0.0207,0.4432,0.0200,0.7195,1.0000,0.8369,0.0000,0.0000,0.0000,0.0000,0.0000,0.0000,ResNet50,ABMIL,Cross-Entropy,ResNet50+ABMIL+CE
0.7196,0.0156,0.3333,0.0000,0.2789,0.0035,0.6023,0.0207,0.5327,0.0809,0.7195,1.0000,0.8369,0.0000,0.0000,0.0000,0.0000,0.0000,0.0000,ResNet50,ABMIL,Focal Loss,ResNet50+ABMIL+Focal
0.5123,0.0315,0.2927,0.0500,0.2770,0.0396,0.5127,0.0340,0.5188,0.1064,0.6909,0.6441,0.6667,0.1538,0.2353,0.1860,0.0000,0.0000,0.0000,ResNet50,ABMIL,Class-Balanced CE,ResNet50+ABMIL+CB_CE
0.5481,0.0516,0.3334,0.1024,0.3461,0.1287,0.5396,0.0617,0.5025,0.0815,0.6774,0.7119,0.6942,0.1176,0.1176,0.1176,0.3333,0.1667,0.2222,ResNet50,ABMIL,Inv-Freq Weighted CE,ResNet50+ABMIL+Weighted_CE
0.6706,0.0056,0.3108,0.0077,0.2676,0.0013,0.5777,0.0121,0.5119,0.1558,0.7051,0.9322,0.8029,0.0000,0.0000,0.0000,0.0000,0.0000,0.0000,ResNet50,TransMIL,Cross-Entropy,ResNet50+TransMIL+CE
0.6839,0.0563,0.3846,0.0197,0.3732,0.0215,0.6466,0.0356,0.5431,0.0638,0.7612,0.8644,0.8095,0.3333,0.2941,0.3125,0.0000,0.0000,0.0000,ResNet50,TransMIL,Focal Loss,ResNet50+TransMIL+Focal
0.6349,0.0541,0.4068,0.0769,0.4027,0.1039,0.5902,0.0475,0.5981,0.0127,0.7101,0.8305,0.7656,0.1111,0.0588,0.0769,0.5000,0.3333,0.4000,ResNet50,TransMIL,Class-Balanced CE,ResNet50+TransMIL+CB_CE
0.6221,0.0320,0.2880,0.0085,0.2575,0.0065,0.5561,0.0258,0.4794,0.0188,0.6986,0.8644,0.7727,0.0000,0.0000,0.0000,0.0000,0.0000,0.0000,ResNet50,TransMIL,Inv-Freq Weighted CE,ResNet50+TransMIL+Weighted_CE
